x,y
0.0,0.0
-1.1747899350501934,-0.04522195270045537
-2.224919090652369,0.41262825770151923
-3.107570270625053,1.4515688562396756
-3.779832037883258,3.1430582833533034
-4.200094569529151,5.549434633804921
-4.329525392195773,8.721678369866966
-4.133592164874391,12.697589690807575
-3.583595132946103,17.500440465345214
-2.6581635677130606,23.138129109800865
-1.3446585253323766,29.602838227083456
0.3595900887835892,36.87117110290718
2.4462983931881617,44.90472490886992
4.89559230658973,53.65104517917429
7.675820630798281,63.044896562046276
10.743910509753702,73.00977756114546
14.046337756471617,83.45960091875355
17.52074992314653,94.30045622291853
21.098232660607515,105.43236805856728
24.706153458001264,116.75096333174658
28.271456883158535,128.14896759476736
31.724228990852097,139.51746452949484
35.001303177673506,150.74687663232478
38.04965242009275,161.72765851407667
40.829308861028096,172.35073504434365
43.315573856003965,182.5077607235487
45.5003294281208,192.09131829558407
47.39233186608904,200.9952068489074
49.01645319949815,209.11498568850305
50.41192756502002,216.34893458999943
51.629747020005034,222.5995606459932
52.72942536449681,227.77572713422884
53.775400690402506,231.7954048160148
54.83337194448613,234.58895854126015
55.96685931030419,236.1027924909574
57.23424377662642,236.30309773109428
58.686482312815784,235.1793875887973
60.365618790770284,232.7474792263385
62.304126137427346,229.05158959727694
64.52503178488372,224.16526196465628
67.04270541404902,218.19092154491878
69.86413281522879,211.25796716357223
72.99046759633336,203.51942806961407
76.41864576203258,195.1473373405846
80.14286614482297,186.3270817011211
84.1557787494949,177.25107004062275
88.44927743288036,168.11211087229128
93.01485560734508,159.09689833827971
97.8435458528776,150.3799778979981
102.92551884885837,142.11850182756677
108.24945758666169,134.44799999185003
113.80184513364094,127.4792941448727
119.56630654963568,121.29658605211924
125.5231288542695,115.9566619068044
131.6490506382357,111.48908652489577
137.91737038795284,107.89721620546364
144.29837638253505,105.15984089256787
150.7600578412699,103.23327277283661
157.26902276270138,102.05372502210265
163.79152685567158,101.53986418980338
170.29451211475129,101.59546465766468
176.74656244632743,102.11213573093522
183.1187045037367,102.97212434287897
189.38500998110493,104.05121423073359
195.52298557766773,105.22174355181448
201.51376329052133,106.35574787155241
207.34212227865282,107.32820754732431
212.9963817171407,108.02034312306523
218.46820149180286,108.32286603967394
223.75231614192495,108.13906154079027
228.8462107947676,107.38756201227521
233.74973062132946,106.00466621300167
238.4646023090793,103.94607453272566
242.99384101459782,101.18794140719126
247.3410213435309,97.72718962533276
251.50940605580072,93.58108180576939
255.5009491530737,88.78609508185629
259.3152167062836,83.39618934892327
262.94829410952997,77.48059176231202
266.39176722537616,71.1212370237978
269.6318728925625,64.410003415184
272.6489090879206,57.44587025092123
275.4169765924365,50.33209744484642
277.9040946507885,43.173497779239725
280.0726972216333,36.07384331041626
281.88047964593306,29.13342465100061
283.28153379741093,22.44676957727069
284.2276880413432,16.100527192503232
284.6699598184419,10.171534834437592
284.56003416206846,4.725103730480995
283.8516991344188,-0.18641906932367913
282.50219496587016,-4.5247367743607345
280.4734620596873,-8.266252289040715
277.7332980247377,-11.402201198090362
274.25645029529835,-13.938209556101363
270.0256752008809,-15.893254604722205
265.0327854821971,-17.29805591084515
259.27968775235365,-18.192980397862627
252.77938314027207,-18.625599628895905
245.55687378354463,-18.648083096697285
237.64989098807405,-18.31463936812876
229.10934323224643,-17.67922176894817
219.9993777400166,-16.793693842716532
210.3969598778132,-15.706602634541888
200.39089952687638,-14.462639254100896
190.08029002506413,-13.102783847607522
179.57236883129013,-11.665046186898687
168.9798545385275,-10.185634813450585
158.41785716503125,-8.700327862211678
148.00049360026,-7.245786142620606
137.83736489283515,-5.860549261779459
128.03006555130713,-4.58548983121862
118.66889742828339,-3.463565906998989
109.8299533455984,-2.538800424346992
101.57272015310085,-1.854517927342477
93.93832912328503,-1.450970932155699
86.94855478319386,-1.3625781311880962
80.60563222662016,-1.615063062157414
74.89292792664422,-2.2228163382029713
69.77646022595337,-3.1868023695307404
65.20722344335098,-4.493292313456592
61.12422501653967,-6.113632647558429
57.45810039579776,-8.005160896727286
54.13512862890117,-10.113267119132367
51.08143665741994,-12.374483887273854
48.227156530018306,-14.72038116858506
45.51029095802167,-17.081957263038493
42.88005178870265,-19.394162224709373
40.29946428835847,-21.600172312472893
37.747076762818786,-23.655055504343906
35.2176769386707,-25.52852731089546
32.72198861683789,-27.206587214773528
30.28539782703809,-28.691939512724055
27.94582974314939,-30.003225782159067
25.750958775359923,-31.173215719273426
23.754978344367686,-32.246204789475236
22.01517943508128,-33.274938775615446
20.588586001211368,-34.31741798209643
19.528871112379736,-35.43392321309189
18.883733426599967,-36.6845526971035
18.692854397630477,-38.12747031862733
18.986489512946747,-39.81795206869023
19.78467960763763,-41.80819422390992
21.09700869412101,-44.14772969693809
22.92278961826853,-46.88420403568907
25.25153322827235,-50.06420282499149
28.063553182180573,-53.733806494033544
31.330576724165017,-57.93857986781761
35.01626853501013,-62.722779238317926
39.07662437034022,-68.12767051805064
43.46024606966731,-74.18898472100582
48.10856124777409,-80.93367510303318
52.95609149292672,-88.37626629751809
57.93089560308545,-96.5151833643093
62.95531516026739,-105.32950463304314
67.94712754492998,-114.77658810427349
72.82116860070816,-124.79097426044765
77.49142887569721,-135.28487179360602
81.87356129955879,-146.15039601712843
85.88767317620946,-157.26356626457465
89.46122039040964,-168.48989512138232
92.5317844870479,-179.6912367893816
95.04949934149232,-190.73342134982929
96.97890617406141,-201.49410063699892
98.30005317776819,-211.8701802348439
99.00871549478691,-221.78421609607284
99.11568663016804,-231.18921339997695
98.64517581821957,-240.07137431617
97.63242873139414,-248.45049075069417
96.12076276459561,-256.3778550970383
94.15826547890988,-263.9317517613901
91.7944399011955,-271.21077948774854
89.07708968830138,-278.32542467289534
86.04971953376084,-285.38844605730577
82.74968290540495,-292.5047310400469
79.20724378670057,-299.76133607882673
75.44563700256245,-307.2184242665117
71.48211986842209,-314.9017618277979
67.32991419171502,-322.79733511382403
63.000850336947025,-330.8485072762388
58.50845215586434,-338.95595890251855
53.87115021511774,-346.9804618683181
49.11528653493437,-354.74833481734004
44.27758047882646,-362.0592372927382
39.406763397379976,-368.6957927022118
34.56415709874605,-374.43440160839504
29.823063171140888,-379.05652713817864
25.26693883329289,-382.3597105385894
20.986450358027483,-384.1676092755594
17.075605919015942,-384.33843963606563
13.627264512481279,-382.77134257757183
10.728386097321966,-379.4103631940205
8.455422369635338,-374.24592497619454
6.870243195262653,-367.3138725948401
6.016950377771832,-358.6923337278381
5.919852198766802,-348.49679569879595
6.582767069079367,-336.8738939396787
7.989703776354582,-323.9944587182479
10.106842039179107,-310.0463618353735
12.885623363228774,-295.22764947624546
16.266670083559287,-279.74034982749316
20.18418870191426,-263.7852175603638
24.570487160605573,-247.55753781287035
29.36024533855083,-231.24397686331153
34.494220613921755,-215.0203512155971
39.922139296262706,-199.05010426128385
45.60461130568817,-183.48323838414842
51.51399984643499,-168.4554530162733
57.6342703356125,-154.0872824574325
63.95992504254717,-140.4831024689536
70.49419521063098,-127.72996875154024
77.24670659216078,-115.89634802637549
84.23085539077276,-105.03088797104729
91.46112981348247,-95.16143214065305
98.95058989177076,-86.29451058312604
106.70867855918746,-78.41552175134098
114.73948495452639,-71.48976795560291
123.04052216346288,-65.46442194790355
131.60202220577742,-60.271397693264156
140.4066971895731,-55.83098814458323
149.42987295640427,-52.05603183600685
158.63987502863705,-48.85629200711739
167.99853945472404,-46.14268737672418
177.4617342899543,-43.83100888915498
186.97980945682835,-41.84479309227761
196.4979394384466,-40.117096697113546
205.95637809943537,-38.59102047075431
215.29069959106943,-37.218952927885134
224.43214476082537,-35.9606325371003
233.30822029542676,-34.78024825307789
241.84370141644675,-33.6429000679682
249.96216481756693,-32.510814047782496
257.5881270498076,-31.339743054651088
264.64978923938156,-30.07598156486082
271.08230019006487,-28.654380764293652
276.8313577863341,-26.9976719480469
281.8568858381719,-25.017298701420525
286.13646248607256,-22.615830351319737
289.6681473595604,-19.690891386053664
292.4723645854674,-16.140405414046274
294.5925494823159,-11.868829159809055
296.0943551691957,-6.793952384520575
297.06333323425474,-0.8537720326409506
297.60113793493167,5.9870806667426875
297.82044156403464,13.731870105264857
297.83887445155784,22.347701515407095
297.77240277950864,31.763251757119775
297.7286202476434,41.868538483399085
297.8004492612925,52.51684315556615
298.0607222891587,63.52875721082329
298.55804779522055,74.69817733540884
299.3142652590123,85.79994640075202
300.32367076741497,96.5987307833202
301.55406046329745,106.85864974609444
302.94950575040974,116.3531325990277
304.4346523103972,124.87447557136572
305.92023328339684,132.24260071979887
307.3094114042666,138.31257909256126
308.50451883293437,142.98056311635722
309.41374783838415,146.18787098445728
309.9573593953902,147.92307068759675
310.0730176387415,148.22201584268106
309.71992240847385,147.1658835128304
308.881495427706,144.87735134229894
307.5664729674613,141.51512493247992
305.8083636146807,137.26708549506145
303.66333794403545,132.3423727275684
301.20672111692073,126.96274957353891
298.52835315195716,121.35361520493623
295.7271584447842,115.73504099965861
292.9053202412386,110.31320162775373
290.1624824150695,105.2725590366845
287.59039684894503,100.7691300576022
285.2683987682936,96.92512737377314
283.26002573380583,93.82520800365938
281.61100248341563,91.5144935991418
280.3486998793651,89.99844457460013
279.4830506821109,89.24457889272011
279.00877837939146,89.18593136767309
278.90867945296156,89.72605692555553
279.15760574009886,90.74529822076018
279.7267320180729,92.1079708670204
280.58767200803885,93.67007367319782
281.7160272694075,95.28711019552803
283.09401698964547,96.8216128622011
284.7119367166155,98.14999073878343
286.56832044977136,99.16837338935534
288.6688196027329,99.79719134653398
291.02394871331353,99.98431263788598
293.64596600488255,99.70663869273075
296.5452436540671,98.97014636437166
299.72652840726744,97.80844133313619
303.1854936714693,96.27995859266215
306.9059407639561,94.46400600905021
310.85792649472825,92.45589592771766
314.99698795859484,90.36144687197904
319.26451736632237,88.29116207996177
323.5892246872158,86.35440339270818
327.88952717311645,84.65387703004416
332.07663268443525,83.28073111027072
336.058043958826,82.3105325343146
339.7412045149975,81.80034272354504
343.03703018890826,81.78704828724072
345.8631162340893,82.2870259643438
348.146469283716,83.29713469449621
349.8256766491997,84.79693660515068
350.8524839129894,86.75195961333272
351.19279933015235,89.11773466410395
350.8271768380987,91.8442779418579
349.75084803956224,94.88064955875993
347.973379306777,98.17921050763371
345.51802659717526,101.69922193483464
342.42085160996976,105.40948495358212
338.7296520645444,109.28980197737155
334.50274860612876,113.33114550495424
329.80766229700413,117.53453842468065
324.7197098198436,121.90877043795749
319.32053765762083,126.46718663136204
313.69661071877823,131.2238755422768
307.9376646280927,136.18964591543147
302.1351244189952,141.36820707836515
296.38048665961463,146.75295425643307
290.7636587114473,152.3247078265292
285.37124955887066,158.05066893405566
280.28481272168347,163.88474096545542
275.5790534988386,169.76923765170375
271.32002929076515,175.63786629363392
267.56339088683603,181.4197514071702
264.3527313469908,187.04416183790266
261.71812406083023,192.44553296500064
259.6749396675129,197.56834192710954
258.22303066788976,202.371401147226
257.34636208134236,206.8311831468888
257.01314729645463,210.94387318228112
257.1765226349155,214.72595764881225
257.77576530494645,218.2132849087823
258.73803082502025,221.4586690497367
259.9805606604901,224.5282335503436
261.41329072501753,227.49679921973572
262.9417772183741,230.4426993326151
264.47034736063694,233.44244770122745
265.9053773348067,236.56568906538166
267.15859616917714,239.8708259431438
268.1503106507044,243.40164593237517
268.81244178850335,247.18517560023463
269.09125818559284,251.23087129340865
268.949687531831,255.53113478685862
268.3690868793898,260.06302450129743
267.35035839294426,264.7909322462266
265.9143125692901,269.66992052207314
264.10120718473934,274.64937308109654
261.96942760817166,279.67660505233425
259.5933209806252,284.7001080841605
257.06024977099105,289.6721665369661
254.4669847239184,294.55066537613396
251.91560788676824,299.30000920847795
249.50913794475173,303.8911736412161
247.34711795043157,308.3010034967459
245.5214164334223,312.5109472747566
244.11248516499614,316.5054658818256
243.1862905993111,320.2703715845444
242.79209291487905,323.79133968708663
242.96118973106616,327.0527936840108
243.70667516943308,330.03730103895
245.02419395085963,332.7255402139311
246.89360013078633,335.0968203390815
249.28136651283555,337.1300631256671
252.14353920908783,338.80510104658293
255.42899711214656,340.1041126595967
259.08276201507664,341.0130081344504
263.0491139571446,341.52259485190945
267.2742981692405,341.6293902697853
271.7086623491947,341.336000342943
276.3081309450505,340.6510383626214
281.0349993881849,339.5886126909608
285.858106896507,338.1674552265426
290.75251209107154,336.4097905509029
295.6988425099783,334.3400565600202
300.68251054097993,331.983582091863
305.69298099281644,329.3653094390722
310.72324018901213,326.5086252980368
315.76955799597334,323.43433884317085
320.8315611597975,320.15982571066013
325.9125598041305,316.6983454027311
331.0200008967785,313.05853814902207
336.16587393089605,309.24411409089316
341.36687329840964,305.2537590398137
346.6441331363728,301.08129188802377
352.0223933346602,296.71611371256233
357.5285247322128,292.14398343357374
363.18942818921084,287.34813732335226
369.0294145222803,282.3107401073746
375.06725769443716,277.0146169460605
381.3131805597888,271.4451735548317
387.7660717783589,265.59237273972747
394.4112387747078,259.4526064676473
401.2189735338434,253.03028897137767
408.1441484540155,246.33900197393217
415.12697478879835,239.40204888707714
422.0949553490993,232.25231893281654
428.9659564173126,224.93142014704222
435.6522217512861,217.4881058797006
442.06506374441756,209.97608548293172
448.1199011645079,202.45136918222133
453.74127504399655,194.9693433720624
458.86746728471536,187.58180106934176
463.4543707644727,180.3341602868545
467.4783130370308,173.26309006888312
470.93761365179944,166.39473129385024
473.8527513111209,159.7436502820059
476.26512371616064,153.31260231957572
478.23449135637316,147.09311495770547
479.835297817984,141.06683341048995
481.15214510750235,135.2075086486603
482.2747659402816,129.48345850049571
483.292870741632,123.86029790892091
484.2912524001814,118.30371968729317
485.34550633140105,112.7821130357994
486.51866944644405,107.26883295752863
487.8590037643833,101.7439765873667
489.3990550648201,96.19557738369734
491.1560117894077,90.62018873282321
493.1332825896375,85.02288767149508
495.323110691007,79.41678024289881
497.70995726446876,73.82212670809402
500.27432095538,68.2652236314553
502.9966219813097,62.77717942942057
505.8607704992725,57.392701667171416
508.85706205526833,52.14898199891923
511.9840974448495,47.08472381494345
515.2495073584885,42.23931501273913
518.6693683019654,37.65211048287413
522.2663175022751,33.361761568753245
526.0665007200123,29.40551686059585
530.095606537449,25.818421915508285
534.3743418297662,22.632364155752246
538.9137747069746,19.87494036368432
543.7110044754082,17.56816319035951
548.7456079073651,15.727064174169385
553.977256607088,14.358287874354332
559.3448056781459,13.458799286459106
564.7670280039524,13.014840312117391
570.1450237171657,13.001267990041601
575.3661855465789,13.381386774007332
580.3094627977372,14.107350822004136
584.8515533952585,15.121163518057218
588.8735752421863,16.356245457024592
592.2677314266394,17.739485223890807
594.9434900406724,19.193636321030624
596.8328454704525,20.639885070799085
597.8943070400776,22.000393664310202
598.1153633062833,23.200623285160017
597.5132853951143,24.171265479003157
596.1342500482195,24.84965391715668
594.0508733663494,25.180588844074695
591.3583425625301,25.11657579969894
588.1694107242797,24.617550002133314
584.608576263328,23.650218827277982
580.8058038728026,22.187198601173705
576.8901581291839,20.20614189050979
572.9837157229497,17.689044174270233
569.1960991962629,14.621884503063212
565.6199354352051,10.994697703906791
562.3274873364219,6.802103505642295
559.3686384904316,2.044240682674804
556.770330325302,-3.2720170800867265
554.5374617490017,-9.131742150784998
552.6551669373661,-15.510740434176952
551.0922928968229,-22.374657637276464
549.8058113489469,-29.67859027221796
548.7458266665243,-37.367335979487265
547.8607904216605,-45.37634854723593
547.1025101130608,-53.63338537969123
546.4305495095352,-62.06075922504582
545.8156627251172,-70.5780409595557
545.2419821702345,-79.10501328357066
544.7077867643803,-87.56465056017784
544.224802625648,-95.8858988235299
543.816122459981,-104.00605046408218
543.5129590000473,-111.87254637737004
543.3505588417748,-119.44408931065921
543.3636840376482,-126.69101027080342
543.5821108452682,-133.59489002520675
544.0265931550155,-140.1474955457177
544.7056921098877,-146.34914317095115
545.613787865799,-152.20664346151688
546.7304731838688,-157.73101481716867
548.0213936845432,-162.93517178147405
549.4404600081579,-167.8317976377017
550.9332268895998,-172.43159782603337
552.4411259683047,-176.74210006893745
553.9061630299256,-180.76711933028423
555.2756526950438,-184.5069430754139
556.5065666138994,-187.95921905626014
557.5691131760988,-191.1204504230915
558.4492421151821,-193.98792945254127
559.1498677969488,-196.56188052925768
559.6907201419049,-198.84754387182568
560.1068509568753,-200.85692086258487
560.4459351372006,-202.6099238150393
560.7646012200975,-204.13472776400687
561.1240966646825,-205.46720515206536
561.5856351743762,-206.64942760822083
562.2057844329718,-207.72733044454952
563.0322337493179,-208.7477411370895
564.1002358394786,-209.75505892033294
565.4299509266829,-210.78792665863062
567.0248414945876,-211.87625010323782
568.871179991269,-213.038890406272
570.9386470217735,-214.28228605834067
573.1819207743818,-215.60015855578655
575.5430950068508,-216.97433492351396
577.9547166845811,-218.37659531121776
580.3432073948068,-219.77134138133343
582.632425336462,-221.11879549750742
584.7471358189243,-222.37839239246955
586.6161852712993,-223.51201938373035
588.175213186735,-224.48679774119532
589.3687838893017,-225.27717022330327
590.1518708323044,-225.86615716552166
590.4906756735089,-226.24575193914103
590.3628084555288,-226.41653130247406
589.7568905837132,-226.38664354133763
588.6716669487807,-226.17039678230555
587.1147270110778,-225.78669526472152
585.1009380272991,-225.25756147733972
582.6506892912204,-224.6069405933671
579.788037612292,-223.85991836045773
576.53883485995,-223.0424050804494
572.9289113626486,-222.18125825322548
568.9823861979412,-221.30474602980766
564.7201772031855,-220.4432019638536
560.158788297773,-219.62969467799275
555.3094562468793,-218.9005362556463
550.1777391188674,-218.2954789448254
544.7636200912436,-217.85749632783885
539.0621795533423,-217.6321052358088
533.064854099051,-217.66624979399262
526.7612539689101,-218.0068303321862
520.1414544817892,-218.69900966954154
513.1986181144812,-219.78446148192418
505.9317499082542,-221.2997364886317
498.34834806079766,-223.27491114668564
490.466691324971,-225.73265215766264
482.31751051633415,-228.68778245138606
473.9448252973092,-232.14737628473839
465.4057881359073,-236.11134964824956
456.76946003676534,-240.57345457438856
448.11453938628694,-245.52253894257618
439.52616605619806,-250.9439024567826
431.0920169619446,-256.8205682110058
422.89798625584564,-263.1342989107293
415.0237946300836,-269.86621615878573
407.5388918471245,-276.9969266817339
400.4990019100279,-284.50611552222034
393.9436120427228,-292.371626428859
387.89462905727237,-300.5681070070525
382.35632685517066,-309.0653443306279
377.3165960775198,-317.8264507601338
372.7493919459005,-326.80607678724425
368.61817009844503,-335.9488272197738
364.88001296186513,-345.1880405089652
361.49008939464903,-354.44506181646517
358.40606383719893,-363.62910291394496
355.5920805658762,-372.637740893299
353.02199279173385,-381.3580671964399
350.6815806062537,-389.6684619201887
348.5695983614577,-397.4409377051211
346.6976008988042,-404.54397348934094
345.08860788139685,-410.8457406788818
343.774765260386,-416.2176119109182
342.7942429817657,-420.53783444573696
342.1876613146589,-423.69524540917246
341.9943608509853,-425.5929041506075
342.2488230882076,-426.15151790053324
342.9775127971248,-425.31254108414396
344.1963561583326,-423.0408365720001
345.9089978687418,-419.32679917132043
348.10590476798774,-414.1878577505009
350.7643113102229,-407.669292020906
353.84894030775956,-399.8443221790884
357.3133855769644,-390.8134530231868
361.102013717959,-380.7030773964691
365.15223008707346,-369.663365648355
369.3969568013462,-357.865487399926
373.76718459549244,-345.49822893630363
378.1944810700159,-332.76408422441864
382.61336093199384,-319.87491047641277
386.96344559295704,-307.0472511344819
391.191357529967,-294.49744084081374
395.2523081547383,-282.4366187144008
399.11134697318516,-271.0657878514299
402.7442460415058,-260.57106948808064
406.13799923638555,-251.11930815868374
409.29092281878616,-242.85418741828667
412.212353874394,-235.89301206406378
414.9219572613257,-230.32430026164823
417.448669369137,-226.20630612315347
419.82932684785396,-223.56655959878802
422.1070481466065,-222.40246673896718
424.3294523420185,-222.68296147462408
426.54681046888703,-224.3511433123415
428.8102270520933,-227.32777801399862
431.1699424327223,-231.51548529701313
433.67382974063014,-236.8033938071214
436.36613536399295,-243.0720135515985
439.2864811872816,-250.19806306215725
442.4691143975028,-258.05899468807604
445.9423605158406,-266.5369866610318
449.7282117005362,-275.52221301890654
453.841968898394,-284.91525837579024
458.2918556001141,-294.6286086448153
463.07853377460856,-304.58721501893683
468.1944782741413,-314.728190479327
473.6232020930266,-324.9997501414145
479.33836720615017,-335.3595445408163
485.3028589785875,-345.7725561207767
491.46794036145917,-356.20873356234233
497.7726293978105,-366.64052824693175
504.1434549596693,-377.04047590718056
510.4947377683346,-387.3789393595159
516.7295155248131,-397.62210029472897
522.7411839470866,-407.73026390799254
528.4158639003331,-417.6565226784055
533.6354351560635,-427.34581589487874
538.2811077436958,-436.734418535447
542.23734101469,-445.74989404502503
545.3958764049901,-454.31154652315547
547.6596285813555,-462.3314047016659
548.9461844965567,-469.71575942295686
549.1906907684996,-476.36725614110446
548.3479631852686,-482.18751421040406
546.3937214648429,-487.08020737497446
543.3249290351752,-490.9544986374771
539.1592920974346,-493.7286824049723
533.9340356922843,-495.3338526771082
527.7041198201355,-495.71739279909775
520.5400815565242,-494.8460735669234
512.5256885130982,-492.7085542866403
503.75556714452995,-489.3171060366626
494.332931268127,-484.7084164537327
484.36748858161434,-478.943388016455
473.9735535090515,-472.10590311551874
463.268350528307,-464.30059456887045
452.37045895786275,-455.64972472894186
441.39833158176003,-446.2893349992627
430.4688165718643,-436.36487578094625
419.6956236402417,-426.0265605410487
409.18769799782206,-415.42470367048037
399.0474950638369,-404.70529815351216
389.36918013742485,-394.006065443847
380.2368060090086,-383.4531677902635
371.7225444173395,-373.15871594749245
363.8850624298932,-363.21913789604093
356.76814177026836,-353.7144034082065
350.3996385398179,-344.7080322813218
344.79087405749385,-336.24775791132106
339.93653612646386,-328.3666786102379
335.81515493006873,-321.0847107325373
332.3901991826082,-314.41016171639257
329.6118155204782,-308.3412661191128
327.4192063110315,-302.86756941457315
325.7436070305444,-297.9710962916992
324.5117838354546,-293.6272946978102
323.64992607739725,-289.805795958052
323.08776032787665,-286.4710679740364
322.76266695370293,-283.5830577305221
322.6235439101485,-281.0979187746416
322.6341423327102,-278.96889963699846
322.775601286181,-277.1474338713766
323.0479393469147,-275.5844273594823
323.470320114163,-274.23169106520686
324.07999489164786,-273.04342520305005
324.9299320899162,-271.9776307281104
326.08525907965253,-270.9973113237949
327.6187553794908,-270.0713363160599
329.60573235887125,-269.1748619412038
332.1187012769962,-268.28925202152584
335.222258641967,-267.4014937880615
338.9686003325343,-266.50316307382
343.3940140489932,-265.5890474451141
348.516599627083,-264.655578524193
354.3353398997103,-263.69924972864624
360.8305062087075,-262.7151991574535
367.96524918190073,-261.6961184502927
375.68811329618177,-260.63160913467703
383.93613658371487,-259.5080529172451
392.63816354109116,-258.3089982727112
401.71801300277207,-257.01600040171553
411.0972003832338,-255.60979319776868
420.69700649771084,-254.0716274962622
430.4397998808653,-252.3845851229322
440.24964022693706,-250.53467638036497
450.0523008659408,-248.5115502554422
459.7749333391316,-246.3086897845569
469.34564600814764,-243.92302523924093
478.6932750949957,-241.3539687014394
487.74759021492343,-238.6019474935477
496.4401026706542,-235.6665825972044
504.7055438478483,-232.54471373130198
512.4839669234728,-229.2285083981883
519.7233134973126,-225.70390307233302
526.3821931565333,-221.94960840897474
532.4325615949402,-217.9368673571459
537.86196094881,-213.6300887710806
542.6750084700416,-208.98839561291976
546.8938847275562,-203.96803433364542
550.5576727775893,-198.52549999022276
553.720523024697,-192.62114983644426
556.4487494820636,-186.22301540830784
558.8170853052534,-179.31048656539647
560.9044232480109,-171.87753496349254
562.7894275084913,-163.93517031243735
564.5464194015743,-155.51287856107433
566.241908213967,-146.65887188254368
567.9320642556827,-137.4390785850439
569.6613227410122,-127.93490774526101
571.46217813224,-118.23992858465186
573.3560947767184,-108.45569867828314
575.355337204792,-98.68704933714858
577.465426739348,-89.0371840640304
579.6878710005055,-79.60296235400891
582.0227956224078,-70.47072457169047
584.4711338485624,-61.71296542858205
587.0360952396148,-53.386087873639845
589.7237306733473,-45.52937281985615
592.5425251400155,-38.16519201550463
595.502068962538,-31.300381858329875
598.6109685255448,-24.928595776220597
601.8742475448984,-19.03337198820426
605.290550384557,-13.591600207821115
608.8494846307746,-8.577050490530581
612.5294297394545,-3.9636416737124023
616.2960945660783,0.27182654268066475
620.1020346996532,4.14768095073388
623.8872488783286,7.676234764519203
627.5808718844136,10.863517471555284
631.1038790952986,13.709801998383025
634.372624648822,16.21078305526381
637.3029590059367,18.35921141455989
639.8146187440956,20.146768469581826
641.8355556775099,21.565973746409203
643.3058755020706,22.611950992067296
644.1810873588813,23.28392856143198
644.4344219959011,23.58640752819798
644.0580525387388,23.529986255673613
643.0631415190771,23.131874285784487
641.4787327932632,22.41615515679313
639.3495987600742,21.413864503363616
636.7332334648319,20.162937732534925
633.6962433724867,18.708055384882154
630.3104242628701,17.100381168341098
626.6488218536975,15.397155905857623
622.782055391355,13.661088155306825
618.7751406328326,11.9594750535619
614.6849871520408,10.36299804102929
610.5586724643977,8.944167026317327
606.4325206764139,7.775429249325988
602.3319445089874,6.927008765545928
598.2719534424933,6.464590610125757
594.2581919221411,6.447001605920926
590.2883518615793,6.924060058553283
586.3538022551742,7.934764452960736
582.44129256164,9.505965457420318
578.5346112994855,11.651618608747135
574.6161121825955,14.372653073152188
570.6680526479911,17.657423556795752
566.6737202013624,21.48264777839944
562.6183481462499,25.81468064432685
558.489842493377,30.610946306135624
554.2793553969824,35.821345475980586
549.9817469210201,41.389478699856575
545.5959760017768,47.253573652691685
541.1254529391723,53.34706920497793
536.5783697212206,59.59888166099026
531.9680017692036,65.93344856766933
527.3129472055493,72.27070251680244
522.6372407909722,78.5261628593912
517.9702538759233,84.61134162882442
513.3462745534646,90.43463932808525
508.80365919272685,95.9028585510416
504.3834620883287,100.92339417337936
500.12748625734355,105.40707626486403
496.0757544723248,109.27155572302297
492.2634708631424,112.44504301770586
488.7176218906469,114.87014659481105
485.45344073458136,116.50751675390389
482.4710196681499,117.33898792382809
479.7523901319183,117.36992897521304
477.25939193164993,116.63055628409825
474.93261739345763,115.17603370048109
472.6916446084871,113.0852711135424
470.43667244840765,110.45843104498503
468.05154961328975,107.41325185143889
465.4080643113126,104.08038777125395
462.37124497935554,100.59804197820883
458.8053293278796,97.1062221918485
454.5799994935329,93.7409745015937
449.57646132911395,90.62894772134503
443.69296683391315,87.88260848064246
436.84943635723397,85.59636988866394
428.99092318907407,83.84381998794372
420.0897663208911,82.67614820096387
410.14638517873686,82.12177735473638
399.18877120716036,82.18712431304782
387.27081555796974,82.85834124350514
374.469673163117,84.10383752650944
360.88239813762266,85.87735207645002
346.6220943783979,88.12133740761321
331.8138121120232,90.77042764954041
316.59039192732297,93.75478856239513
301.0884195534921,97.00318314244387
285.44441434300234,100.44562639052654
269.79133809267154,104.01554287415487
254.2554826883013,107.65137793370708
238.95377704531774,111.29764650278321
223.9915455681379,114.90543272228666
209.46074943175483,118.43237994659157
195.43874447525,121.84223570544783
181.98759075547443,125.10404052696961
169.15394438649736,128.19107300335233
156.9695487769493,131.0796845116139
145.45231811923236,133.74817276970245
134.60797152949215,136.175850320987
124.4321344322258,138.34245846192613
114.91277948960082,140.22805623951066
106.03283882393896,141.81347675434097
97.77278915264976,143.08139013753168
90.11299781559681,144.0179477113691
83.03562494281697,144.61491076833792
76.52590711267706,144.87209759031342
70.57269972672323,144.7999220573378
65.16822487113592,144.42175444476396
60.30705189438633,143.77581635125932
55.98442071757333,142.9163313453458
52.19409367326378,141.91369204975084
48.92598156705196,140.85347090136506
46.1638264011656,139.8341905095315
43.88323202689253,138.9638726008962
42.050313200205736,138.35549249387796
40.62118460824036,138.1215687324848
39.542438874409875,138.36820518337208
38.75267317370544,139.1889672185625
38.185026309398594,140.6590084182019
37.770591007950976,142.8298660991823
37.442478665572885,145.72531241868083
37.14024372742275,149.33858521553984
36.81432858819694,153.63123410902384
36.4301716005615,158.5337097046263
35.971632361748554,163.9477054960363
35.44342937114025,169.75014231245555
34.87235246480801,175.79857298429033
34.30710098216826,181.93768856102292
33.816701391442194,188.00653380668822
33.487566725159944,193.8459938601871
33.41936558000162,199.30609875392093
33.71996160390852,204.25270851448596
34.49975720223173,208.57318715892367
35.86582120852375,212.18074535387586
37.916195421313695,215.017223440097
40.73475797915292,217.05419230368662
44.386974311889645,218.29236178594158
48.916793487128736,218.75939726934132
54.34485613639479,218.50634725195545
60.66807835101981,217.60297125652238
67.8605731914913,216.13232248914318
75.87577663805409,214.18497885674847
84.64956558526181,211.85332659868877
94.10409758761362,209.22628219928816
104.15206888575756,206.38479187594234
114.70107969451998,203.39837738203354
125.65781240869572,200.32290771369802
136.93176594322145,197.19967578103908
148.43834313896767,194.05575549041467
160.1011524997163,190.90551664085052
171.85345471381817,187.75309077582304
183.638752944932,184.59551760496893
195.41058886668725,181.42626379519604
207.13165985897942,178.23879629819496
218.7724136881373,175.02991063307368
230.30930343990394,171.80255765303758
241.7228966101196,168.56797489003495
252.99602825198517,165.34700342753493
264.1121700465843,162.1705502898897
275.05415706442255,159.07923141622476
285.8033744879547,156.12229414121055
296.33946087353024,153.35596513479607
306.6405361821699,150.84139661024443
316.6839154360843,148.64238950705828
326.4472259473478,146.82305905863532
335.90981071374426,145.44557965963392
345.05427527971807,144.56810787721122
353.8680218415269,144.24294124256005
362.34461347509017,144.51493246002894
370.4848229899384,145.42014924455432
378.29724405466754,146.98475278717456
385.7983750553387,149.22406429373447
393.0121261011967,152.14179823362744
399.9687436437469,155.72945982323935
406.7031920215624,159.96592819969715
413.2530735764614,164.81727023969904
419.656205763891,170.23684764681886
425.9480023718889,176.16578731581316
432.15882475262237,182.53387927876756
438.3114768797449,189.26094701221527
444.41901496244145,196.25870296430548
450.4830289580077,203.43306118900696
456.49253094956356,210.68683368473478
462.42355572795367,217.9226928583247
468.2395439418089,225.04624485332624
473.89253971527813,231.96903195254652
479.32519433835614,238.61127031598292
484.47352690880274,244.9041338515187
489.27035281829234,250.7914163471244
493.64925277949243,256.2304409428062
497.54891976121235,261.19213614526984
500.91768997252353,265.6602574425715
503.7180383941817,269.62979896047483
505.93080101937284,273.10470577299657
507.55887680667684,276.09505932904347
508.6301642119364,278.6139607064997
509.19950165055525,280.67437386497875
509.34940946536005,282.28620901160997
509.1894733677348,283.45392085828314
508.85426546682874,284.1748657346762
508.49976754669126,284.4386052043767
508.29833985428075,284.2272646584709
508.4323640055616,283.5169588915354
509.0867764574324,282.2801912274479
510.4407942545504,280.48902885110226
512.6592117012332,278.1187662190827
515.8837090826896,275.1517220642369
520.2246563928912,271.5807829863441
525.7539105226163,267.4123139595473
532.49908891339,262.6681047788438
540.4397534322172,257.3861079027079
549.5058546784085,251.6198387754186
559.578671453627,245.4364419541738
570.4943381401495,238.91356018589025
582.049892646259,232.13526346847706
594.0116103106755,225.1873872155468
606.1252273344649,218.1526825647945
618.1275141782993,211.10619215996732
629.7585475603407,204.11123145896823
640.7739599769711,197.21628420930844
650.9564257951714,190.45302106714294
660.1256767779324,183.8355352400875
668.1464267941421,177.36077244103453
674.9337202173317,171.01002753096571
680.4553915847007,164.7512978051765
684.7315222701976,158.54223018804933
687.8309874296691,152.33337973985425
689.8653862694156,146.07150877525967
690.9808240536959,139.70269483406523
691.3481504183225,133.17507428802992
691.1523441748127,126.4411174857581
690.5817632705896,119.45940161928773
689.8179488488471,112.19591026129997
689.0265891254834,104.62493673908129
688.3501220933408,96.72969745046029
687.9023001138363,88.50276882069419
687.7648710361158,79.94644851415092
687.9863668525667,71.07311095183191
688.582847655039,61.905584444478414
689.540337807597,52.47752909318877
690.8186198052118,42.833748474616925
692.3560205779871,33.03033125789303
694.074830883412,23.134497451462515
695.8870323140976,13.22402221007124
697.7000570003397,3.3861297780271418
699.4223603121715,-6.284209944175506
700.9686362234859,-15.686593579284047
702.2645411709977,-24.718050720966847
703.2508122380859,-33.276342886994016
703.8866709350737,-41.263513442569376
704.1524003326919,-48.58946311854467
704.0509790328402,-55.17530452890843
703.6086593493595,-60.95625443349634
702.8743967492258,-65.88385493697818
701.9180776526166,-69.9273713174257
700.8275534854728,-73.07428842699687
699.7045662602958,-75.32991082907611
698.6597367932343,-76.71615395539128
697.8068701818642,-77.26968456647322
697.256902846297,-77.03962007850033
697.1118610341198,-76.0850218537156
697.4592150493352,-74.47241468801525
698.3669937411656,-72.27353451646127
699.8799718708835,-69.56345336349581
702.0171650489341,-66.41916222278448
704.7707722851691,-62.91861813267073
708.106605519436,-59.14019107431672
711.9659490844041,-55.16238860477717
716.2687081814714,-51.063698605557505
720.9176393543627,-46.9223776601725
725.803409468266,-42.816025570448716
730.8102017078149,-38.8208232293934
735.8215744702022,-35.01036634866133
740.7262779520314,-31.454093988196764
745.4237405385026,-28.215379768992484
749.8289512224205,-25.349416200253994
753.8764856217166,-22.901070753707778
757.5234538693038,-20.90292004050879
760.7511917237555,-19.37367208245716
763.565574305628,-18.3171655040407
765.9959057761909,-17.722090710454196
768.0924260838842,-17.56251657916867
769.9225722672707,-17.79923371826564
771.5662281789268,-18.381849978440563
773.1102820882656,-19.251503955991012
774.6428749749007,-20.344005299066733
776.2477532732937,-21.59317275710606
777.9991314637861,-22.93412585270832
779.9574201475874,-24.306294882777195
782.1660877121977,-25.65594498647758
784.6498076341425,-26.93805907692818
787.4139127011772,-28.11748545240432
790.4450484717809,-29.16932175602674
793.7128078639096,-30.078570423835213
797.1720512519689,-30.839155488096267
800.7655815649043,-31.452431862004733
804.426855081969,-31.925343436280915
808.0824625306108,-32.26839515654593
811.6542019838688,-32.49359845979011
815.0606704286844,-32.61253227482499
818.2184077657587,-32.63463725606142
821.0427186806323,-32.56583303755329
823.4483604323449,-32.4075204024582
825.3503092467282,-32.15600458159325
826.6648019992734,-31.802353387118497
827.310796977054,-31.332684423668933
827.2119170703676,-30.728858372383936
826.2988440328431,-29.96953930080327
824.5120384377527,-29.031567405198206
821.8045809640572,-27.89157447988127
818.1448782096804,-26.527758429764898
813.5189575691498,-24.921721626057213
807.932092941201,-23.060270474531304
801.4095532038112,-20.937071705257665
793.9963412944346,-18.55406552888117
785.7558832147738,-15.9225470230185
776.7677218873209,-13.063844082598504
767.1243593981864,-10.009541396723964
756.9274633727689,-6.801223185185986
746.2837023834988,-3.4897308328549546
735.3004979534124,-0.13395351178077597
724.0819767137152,3.2008105137014393
712.7253782554254,6.444867074005337
701.3181269807053,9.526443822148511
689.9357158947057,12.374228698650532
678.6404833066404,14.920032204798673
667.4812960469083,17.101464204376285
656.4940904121876,18.864505295993606
645.703168781314,20.165845570715987
635.1231085331299,20.974862201730545
624.7611120858824,21.275114361102645
614.6196129663209,21.065251497998105
604.6989522586205,20.35925999400774
594.9999512802636,19.1860129549518
585.5262280005699,17.588135852181438
576.2861342213357,15.620252566582295
567.2942252016752,13.34672648323193
558.5722103338317,10.839053457423477
550.149369699914,8.173091947127602
542.0624540344145,5.426325968679793
534.3551123444527,2.675346534622026
527.0769104183237,-0.006292708490160059
520.2820138093035,-2.5497366433914133
514.0276108178165,-4.891955583269417
508.3721458263976,-6.976348788865834
503.3734233672729,-8.752893585184266
499.08663149956016,-10.177955988790153
495.5623226464503,-11.213908717075832
492.8443838851566,-11.828712021549284
490.96802883846954,-11.995601355388178
489.95785054542364,-11.692995664039923
489.8259882165984,-10.904695714509893
490.57047830938586,-9.620389679984768
492.17387835341844,-7.836430241170812
494.60226617438013,-5.556800571746509
497.80472336413555,-2.794151413195192
501.71340654627045,0.429228132072915
506.2442911509663,4.080645779782012
511.2986399190142,8.11657251855955
516.7652041617185,12.482637064422338
522.5231137728713,17.114106257948976
528.4453573752897,21.936865214914732
534.4027026845121,26.86886661796839
540.2678648669813,31.821978500189193
545.9197020140982,36.704128045480104
551.2472048603212,41.42161797443774
556.1530536006549,45.88148334306464
560.5565372388052,49.99376009021387
564.395667856545,53.673551276016575
567.62837002442,56.84280053099996
570.232680331651,59.43171195107339
572.2059498726969,61.37978828655364
573.5631001353963,62.63649144531979
574.3340373205771,63.16155792745802
574.560379382913,62.925024183721526
574.2916919246412,61.9070311217753
573.5814613435259,60.09748205822139
572.4830539719212,57.49562432184741
571.0459158535924,54.109612450588486
569.3122570101631,49.95609238502258
567.3144350406302,45.059823825046315
565.0732055865003,39.453334955523026
562.5969434834693,33.17658307892508
559.8818625113818,26.27657902860911
556.9131799638162,18.806924662484555
553.6670928695854,10.827212479579355
550.1133643955127,2.402244694332868
546.2182699910609,-6.398954830121259
541.9476296127276,-15.504340236069647
537.2696583504094,-24.840233534802437
532.157402768886,-34.33285669467439
526.5905902593114,-43.909933658590994
520.5567962848322,-53.50227095940326
514.051919835868,-63.045214428928816
507.080039895749,-72.47987813142602
499.6527949501049,-81.75405116988456
491.7884751369751,-90.82270844413672
483.51103709568315,-99.6480816644449
474.84924311226433,-108.19928466010339
465.8360906795621,-116.45152892560932
456.5086413203318,-124.38500724802692
446.90828622290474,-131.98356053677227
437.08141014862844,-139.23327104582245
427.0803437439354,-146.12114004765027
416.9644365854714,-152.63400685175
406.8010460079425,-158.75784765439977
396.66622454353205,-164.47755780144075
386.644903268594,-169.77727240951268
376.8304081089059,-174.6412225285778
367.32320694945554,-179.0550631295654
358.2288605922924,-183.0075518680592
349.65523189840314,-186.4924104172022
341.7090857663238,-189.5101688663775
334.4922791306257,-192.0697822749162
328.0977873870908,-194.18981879037756
322.60583625442666,-195.8990501866634
318.0804036356958,-197.236325273636
314.5663253368964,-198.24966940499627
312.0871854711858,-198.99462292059363
310.64410361263805,-199.53190086626321
310.21545464426725,-199.9245190280067
310.7574828366962,-200.23458145234258
312.20570754208956,-200.5199579800101
314.47697089446206,-200.83109451365317
317.4719524467535,-201.20819327685857
321.0779730771408,-201.67897640550248
325.17192896194047,-202.2572063849163
329.62323135742747,-202.9420845504604
334.2966727109488,-203.7185880264262
339.0551865002686,-204.55874016260347
343.7625094595678,-205.423743773183
348.2857838538909,-206.26684422068132
352.4981495599795,-207.03673446737938
356.28136886258653,-207.68127042676213
359.52850193606014,-208.15123595373137
362.1466115991459,-208.4038859464506
364.05942808478386,-208.40600590489
365.2098557923557,-208.13625826404393
365.56216239035285,-207.5866394352657
365.1036637904682,-206.76294398666053
363.8457124133759,-205.68421847282505
361.8238143333631,-204.3812793850331
359.0967437776627,-202.89445802494888
355.74458824422555,-201.27080951783836
351.86573831141254,-199.56107396597017
347.57292475477146,-197.8166972680008
342.98849214860576,-196.0872032197164
338.2391727964923,-194.41815743893687
333.4506787580905,-192.84988253028132
328.74245629927265,-191.41698230757308
324.2229427674458,-190.14862377275
319.9856307205713,-189.06942349284873
316.1061816903393,-188.20070413158965
312.6407488511296,-187.56183867677984
309.62557285619994,-187.17139142608195
307.0778179390301,-187.04779751332785
304.99752555280054,-187.20939221725132
303.3704884201619,-187.67369773348275
302.17179467458044,-188.45598490503198
301.3697627591171,-189.56723521309706
300.9299829592419,-191.01171929068542
300.81919833560823,-192.78447024107118
301.0087918940115,-194.86895548174726
301.477692494391,-197.23523746717402
302.2145634929975,-199.83886473729683
303.21919031291884,-202.62065827623056
304.50303218448283,-205.50746538828614
306.0889468915024,-208.41385684998477
308.0101347573761,-211.2446550943159
310.3083798043743,-213.89811153742747
313.0316932306627,-216.2695063837019
316.2314883621576,-218.25492691051826
319.95943780995043,-219.7549890584858
324.26418247258755,-220.6782976664217
329.1880768502095,-220.94448627473895
334.76416338553236,-220.48673051914108
341.01356705055207,-219.25368241680962
347.94348699890287,-217.21082015115033
355.5459324608672,-214.34124492840283
363.7973044496107,-210.64598081451103
372.6588647972203,-206.14384487032046
382.0780636141184,-200.870954780465
391.99062193499583,-194.87993212497827
402.32319633604845,-188.23884477093642
412.99639568354803,-181.02991505199807
423.9278853093277,-173.348004714946
435.0353071881963,-165.2988757617367
446.23876920544467,-156.9972202771058
457.4627112784811,-148.56445322846304
468.63703543841604,-140.12627029655187
479.6974815076797,-131.80998742450834
490.5853274152072,-123.74169855692877
501.24658002785355,-116.04331090892187
511.63088608777866,-108.82954048426363
521.6904237605565,-102.20497159079031
531.379028280598,-96.26129989751496
540.6517606145975,-91.07488654157302
549.4650519946309,-86.70474892501186
557.7774605308448,-83.1911010412297
565.5509731340417,-80.55453246952383
572.7526920516009,-78.795881860126
579.3566746237765,-77.89682032188378
585.3456581631453,-77.82111618875976
590.7124048175839,-78.51650944702992
595.4604435986774,-79.91708613731701
599.6040622397572,-81.9460144460349
603.1674990656913,-84.51848820149107
606.1833902993563,-87.54472192334468
608.6906259045077,-90.93285453891603
610.7318432129179,-94.59164462427894
612.3508316466286,-98.43287508732402
613.5901281665331,-102.37342479693132
614.4890516190113,-106.33700327426027
615.0823603436019,-110.25557673035738
615.3996311698842,-114.07053481815255
615.4653620630052,-117.73365437849543
615.299708834201,-121.2079082086207
614.9196909854446,-124.46814484631744
614.3406523968272,-127.50163323279392
613.5777444513483,-130.3084294831678
612.6472128172303,-132.90148863030328
611.5673104328921,-135.30641912428248
610.358720622174,-137.56076825392117
609.0444458990671,-139.71273686105937
607.6491895996949,-141.8192534407354
606.1983198156876,-143.94338951421042
604.7165513904993,-146.15116537312036
603.2265082858064,-148.5078704641787
601.7473349603631,-151.0740963978499
600.2935138133483,-153.90174263515826
598.8740203673656,-157.03029576312005
597.4919135985922,-160.48369534162345
596.144420273541,-164.26807821142256
594.8235328845781,-168.37063850288746
593.5171029584724,-172.75975625901586
592.2103760327353,-177.3864414349648
590.8878815526919,-182.18702301683098
589.5355603475771,-187.08689785684953
588.1429848088196,-192.00505347963443
586.7055041071011,-196.85900503657192
585.2261316114096,-201.56974729326382
583.716987815013,-206.06632251968165
582.2001233412965,-210.28964432952907
580.7075759487565,-214.1952912833671
579.2805639804255,-217.75508396116345
577.9677848836167,-220.95737401961915
576.8228667559564,-223.8060909793128
575.9011060624154,-226.3186998891656
575.2557063976462,-228.52331003279113
574.9338013154313,-230.4552337506917
574.9725893682597,-232.15332109358187
575.3959243151731,-233.656390038326
576.2116840677808,-235.00003659856077
577.4101885664885,-236.2140504752164
578.963853842831,-237.32058801935372
580.8281651461781,-238.3331741927878
582.9439369250986,-239.25652763865142
585.2407135819404,-240.08713540761772
587.6410638624459,-240.81445182768806
590.0654433863914,-241.42256251770075
592.4372512940284,-241.89214014173191
594.6876920409918,-242.20252137920752
596.7600723058664,-242.33375113476987
598.6132128792354,-242.26846553602743
600.2237307871075,-241.9935147945962
601.5870404270526,-241.50125607803537
602.7170257586993,-240.79047186023467
603.6444398451093,-239.86688906080138
604.4141848270679,-238.74328861237026
605.0817070917174,-237.43920536215424
605.7088026328961,-235.9802268962565
606.3591617900779,-234.3969098112817
607.093988219752,-232.7233456190198
607.9680040597352,-230.9954272904513
609.026104356737,-229.24889133856513
610.3008540378454,-227.51723749809912
611.8109372867797,-225.8296550872552
613.5605808989562,-224.20910750019954
615.5398893402062,-222.67073902842512
617.725958549701,-221.2207668353854
620.0845850349625,-219.85600221666024
622.5723608884862,-218.56410811495348
625.1389451568349,-217.32464557727158
627.729325296086,-216.11089439722198
630.2859240492162,-214.8923588427265
632.750459621727,-213.63779602972983
635.0655221368489,-212.31854074188456
637.1758788939169,-210.91185444343733
639.0295582272222,-209.40400444576164
640.5787823817639,-207.7927856969899
641.7808222147098,-206.08923332474438
642.5988319777348,-204.3183363259954
643.002694683326,-202.51864594310265
642.9698731089661,-200.7407680564201
642.4862247015789,-199.04482761588173
641.5467067830526,-197.4970846636833
640.1558768791631,-196.1659566962204
638.3280854934551,-195.11775374588206
636.0872670712916,-194.41245608989084
633.4662590157337,-194.09985841579453
630.505616221511,-194.21637008637356
627.2519358065084,-194.78270293413104
623.7557584295644,-195.80260179682497
620.069162982741,-197.2626859696704
616.2432146284672,-199.1333795028405
612.3254567153956,-201.37082219636198
608.3576507325247,-203.9195779124032
604.373962413932,-206.7158980729252
600.3997656082739,-209.69126031321517
596.4511899526212,-212.7758881570307
592.5354772438728,-215.9019685923844
588.6521400568865,-219.00632008050883
584.7948413691772,-222.03232136992875
580.9538431691851,-224.930986998694
577.1188126018087,-227.6611620749024
573.2817325734949,-230.18889875181236
569.4396446666938,-232.48616074251402
565.5969582307355,-234.52907122822626
561.767090596785,-236.29596568196624
557.9732568976932,-237.7655287472294
554.2482990369972,-238.9152808090987
550.6335252515235,-239.7206363884559
547.1766167248064,-240.1546878151307
543.9287379274499,-240.18878182217026
540.9410555476464,-239.7938639359739
538.2609212084602,-238.94247676372024
535.9280017963426,-237.61122368883488
533.9706465622367,-235.7834571116199
532.4027628944444,-233.45192506547986
531.2214355088759,-230.6211129685505
530.4054709988582,-227.30904603099995
529.9149863896903,-223.5483671153035
529.6920919690334,-219.38656748987324
529.6626503009002,-214.88531620098672
529.7390292984516,-210.11890061952047
529.8237108414505,-205.17185055875035
529.8135699499577,-200.13586772100638
529.6046043361142,-195.10621969695163
529.0968709570495,-190.17778355555438
528.1993752822294,-185.44093944307957
526.8346604466707,-180.97752097934773
524.9428572141401,-176.85702758648975
522.4849814270319,-173.13329440748177
519.4453026787926,-169.84179759821194
515.8326550000456,-166.99774554863185
511.6806152989113,-164.59506928934482
507.0465351965823,-162.6063782012136
502.0094730961678,-160.98389192240163
496.6671317628191,-159.66129958532161
491.1319583785718,-158.55643839531743
485.5266055313125,-157.57463130169705
479.9789804815141,-156.61248441568256
474.6171252000954,-155.56192416206486
469.5641713143185,-154.31425505036157
464.9336036133705,-152.7640416306387
460.8250452645561,-150.81265961853498
457.3207496980519,-148.37141528611176
454.48295025576783,-145.36419078344377
452.3521805269183,-141.72962692585082
450.9466363860644,-137.42289559534177
450.2626050708691,-132.41713479369673
450.27593695798424,-126.70461737035563
450.9444821784808,-120.29770032459629
452.2113580057903,-113.2295601369298
454.00885662520926,-105.55466893943472
456.2627506135437,-97.34891668360969
458.89671073744745,-88.70924642159166
461.8365237791431,-79.75265263124106
465.01379308621375,-70.61440245013283
468.368826184191,-61.44537882807507
471.85246445980084,-52.408510333807804
475.426688732152,-43.67433750811737
479.06393687321065,-35.4158594948256
482.7451872675703,-27.802894382072935
486.45698357200115,-20.996259251630576
490.187688892472,-15.142120170395692
493.92334784547376,-10.366870634882385
497.64359123483547,-6.772866485828293
501.31803169084964,-4.435278607117553
504.9035656111846,-3.4002294877649772
508.3429185647956,-3.6842677084519364
511.5646549881316,-5.275119758518012
514.4847304776008,-8.133555760355502
517.0095118273917,-12.196127319161935
519.0400434423428,-17.378490770939266
520.4772156188874,-23.579021505134644
521.2274044372685,-30.682453189911374
521.2081140019203,-38.56333284191836
520.3531629262098,-47.08915796029622
518.6170153130138,-56.12314238024537
515.9779531366153,-65.5266300165941
512.4399083909152,-75.1612292218578
508.03290354797446,-84.89076780246272
502.8121714552457,-94.58316737636595
496.8561265976834,-104.11230832687203
490.2634285536936,-113.35991015114851
483.1494107172122,-122.21739663256949
475.6421438931685,-130.58766234580395
467.8783713132288,-138.38661716862936
459.9994988835679,-145.54436685505277
452.14776389700353,-152.00589465119694
444.46264866054145,-157.7311413266264
437.0775620247852,-162.69443449058252
430.11678759377975,-166.88328485242022
423.6926940500892,-170.2966372407087
417.9032178594585,-172.94272728339985
412.82965540478216,-174.83674134714207
408.5348319318425,-175.99850078577563
405.06173961348577,-176.4503883079161
402.4327487114459,-176.21570468079543
400.6494889071509,-175.31759199098
399.6934704969791,-173.77859216251056
399.5274691817575,-171.6208351525642
400.09763896530666,-168.86677959884332
401.33625315631167,-165.5403684363126
403.1649129266272,-161.66842012568705
405.49801548345823,-157.28205703686297
408.2462472776894,-152.4179775499966
411.3198666672371,-147.11940583008976
414.6315664279949,-141.4365985310232
418.0987570101467,-135.42684440520551
421.6451805212997,-129.15395335939323
425.201844405226,-122.68728826985426
428.70734245222275,-116.10043914420955
432.10769874540233,-109.469670036615
435.355918304347,-102.87228183254616
438.41144994344546,-96.38502848452676
441.2397590704628,-90.08270275548173
443.8121715752334,-84.03697420750701
446.1060892249974,-78.31552250298878
448.10560002674725,-72.9814689171551
449.80242409467104,-68.09307371248653
451.197057956456,-63.70364092731457
452.2999188184363,-59.86155769577961
453.1322541429219,-56.61039298935164
453.7265770162008,-53.9889892979147
454.1264163973796,-52.03149736528639
454.3852314085508,-50.767324839902514
454.56442425143297,-50.22099056636824
454.7304875908738,-50.41189371236919
454.9514274867035,-51.35401859395444
455.2926994314863,-53.05560100085475
455.8129706689403,-55.51878064396628
456.560066809031,-58.73925896460851
457.5674683627132,-62.70597468630532
458.8516910670109,-67.40080404598767
460.4108153108155,-72.79829099731793
462.2243315839784,-78.86541615098267
464.2543512487661,-85.56142171544589
466.44810798386794,-92.83772168256887
468.7415586030251,-100.63793922037469
471.06379524426336,-108.89812325047063
473.34191425040274,-117.54720003139987
475.50595673494917,-126.5077104442158
477.4935436972943,-135.69686806754996
479.253871909296,-145.02794721588347
480.75080891171876,-154.41197591520006
481.96491664684123,-163.7596700116727
482.8943322979074,-172.9835062202467
483.55453063433936,-181.99979950644936
483.97707491450456,-190.73062918161548
484.2075261823905,-199.1054529367373
484.3027199566428,-207.06226150426454
484.32763464915695,-214.5481592337492
484.3520703927188,-221.51930557522653
484.44733530181634,-227.9402147647672
484.6831045998275,-233.78247926664565
485.1245824972368,-239.02304871014994
485.83006211405745,-243.64225169934227
486.84894831026935,-247.6217851926982
488.22028329231347,-250.9429091753839
489.9717948404056,-253.5850698690648
492.1194702997952,-255.52513292275546
494.6676439958408,-256.7373426635059
497.60956966505995,-257.194041585966
500.92843193641954,-256.8670953265668
504.59873215339013,-255.72988319445042
508.5879653835366,-253.759643597092
512.858489639107,-250.9399165437774
517.3694777144594,-247.26280819679297
522.0788388362946,-242.73081788219957
526.9450027717561,-237.3580147531791
531.9284730961847,-231.17042422359845
536.9930775781165,-224.20557493003665
542.1068695791532,-216.51125471708335
547.242661861845,-208.14361744241796
552.378200120346,-199.16486017777973
557.4960053545152,-189.64074326186636
562.5829303706198,-179.63824701799018
567.6294858686185,-169.22364564208183
572.628996497347,-158.46123149582832
577.5766483707846,-147.4128463184578
582.4684885015965,-136.1382776187039
587.3004347838829,-124.69646930138721
592.0673532131678,-113.1473876086834
596.7622567651943,-101.55428925259636
601.3756767776043,-89.98606969118443
605.8952513414584,-78.51933496885688
610.3055646894528,-67.23984591621928
614.5882559933868,-56.243029840680485
618.7223954741361,-45.633338348262455
622.6851016319603,-35.522342214001995
626.4523482734295,-26.025583096189642
629.999887286969,-17.25833287336118
633.3041965977682,-9.330529491221764
636.3433558826833,-2.3412499679465313
639.0977578913431,3.6268635008556434
641.55058144001,8.512794965443359
643.6879821989285,12.281562729652187
645.4989961521608,14.927508056161031
646.9751932203529,16.47622089883322
648.1101590304501,16.984966291023678
648.8989149411276,16.541584695698557
649.3374046196523,15.261940300605255
649.4221757663082,13.286074448435938
649.150366428771,10.773282483598773
648.5200679989651,7.896370582480255
647.5310855509888,4.835367236170883
646.1860571976531,1.7709666968709565
644.4918357236977,-1.1220257828445876
642.4609864067083,-3.680990160771111
640.1132222637164,-5.761288462448327
637.4765874142983,-7.241339858816508
634.58821318123,-8.026773888281223
631.4945087287769,-8.05349081683434
628.2507037565177,-7.289496700131348
624.9197275161865,-5.735430397075637
621.5704770654997,-3.42376009417957
618.2755889128792,-0.4166948032604423
615.108874062564,3.1970735847732596
612.1426015507585,7.306616701263823
609.4448178700411,11.783770138618646
607.0768708006333,16.488618267989125
605.0912708498705,21.27518064579509
603.529978674568,25.99702701799449
602.4231603112484,30.512578178598392
601.7884109866665,34.68989530970976
601.6304181260028,38.410813778311464
601.9410176417058,41.57433109255564
602.6995944050028,44.09920619927713
603.8737849871058,45.92576404718706
605.4204533834543,47.01692367690701
607.2869227711947,47.35848123016494
609.4124531144402,46.958684702441126
611.7299519234466,45.84713977111016
614.167892377528,44.07309039317722
616.6523907293664,41.70312766100404
619.1093673045478,38.8183971323186
621.4666881609858,35.5113975745263
623.6561639530412,31.882489621484638
625.6152745961035,28.03625657488797
627.2884970734527,24.077876394910948
628.6281406644306,20.109669424181483
629.5946373992134,16.227977865512127
630.156291024461,12.52051006067827
630.2885481239098,9.064247167498372
629.9729118137749,5.923965906505699
629.1956630859488,3.1513839248586026
627.9465801686556,0.7848896081330974
626.2178474947516,-1.1502191522330776
624.0033216428726,-2.641089032842333
621.2982742471931,-3.6863734402554043
618.0996670753653,-4.295118608652073
614.4069405948111,-4.485578813008402
610.2232241529945,-4.28404660144769
605.5568131616777,-3.723759232678631
600.4227147703707,-2.8439154920899172
594.844044233798,-1.6888105045168875
588.8530619713052,-0.3070722359463325
582.4916750359923,1.2490363276806993
575.8112818948888,2.9242996904194447
568.8719090280122,4.661275594582273
561.7406633218591,6.401123946322185
554.4895966708559,8.084593011156063
547.1931405282139,9.653203729304906
539.9253120232264,11.05065266542884
532.7569156889381,12.224427653243719
525.7529644171332,13.127599416929664
518.9705210655602,13.720719987067723
512.4571213968085,13.973727915108586
506.2498845143317,13.867734836318522
500.37535441056144,13.396551457161301
494.85005171496897,12.567806555377413
489.681654064674,11.403521978293497
484.8706718824961,9.94003033179442
480.41244788634356,8.227158853833583
476.2992862582801,6.326650079443266
472.5225125467464,4.309843280242363
469.07427805544893,2.2546954684288307
465.94895122170175,0.2422719601651333
463.1439804983374,-1.6471205502922794
460.6601646017212,-3.337954502601905
458.5013219595658,-4.763435232417024
456.67340670006797,-5.86916684060268
455.1831685835044,-6.616323568009367
454.0364944841512,-6.98414847693301
453.23659598664307,-6.971641085347333
452.78221929515234,-6.598343851005856
452.6660493890461,-5.904190702897835
452.873461110482,-4.948435727761276
453.38173788010334,-3.8077332788030684
454.15983727893206,-2.5734889952788693
455.16873573223944,-1.3486415481522063
456.36233615982957,-0.2440646926523795
457.688876769689,0.6252038559575417
459.09273979068706,1.1436977960373826
460.5165288295182,1.1990259176024511
461.9032648540489,0.6849762678770352
463.1985448085216,-0.4959053699954066
464.3525138663659,-2.4303368775101357
465.32152166165906,-5.192937633063698
466.0693628770858,-8.845441919646802
466.56804074183646,-13.43639639011413
466.79803492444836,-19.0012124767655
466.7480989932177,-25.562425266186317
466.41465275592344,-33.13001229802814
465.80086718773987,-41.70164924875151
464.9155607141533,-51.26282163725633
463.77203282741385,-61.7867666592645
462.3869533878516,-73.23427885121994
460.77940428903906,-85.55346820016209
458.9701370798803,-98.6796005648176
456.9810698979209,-112.53517066766477
454.8350050987563,-127.03035333190165
452.5555111695462,-142.06394879755362
450.16688446656264,-157.52488659730716
447.69409244552895,-173.2942868422419
445.16260292996446,-189.24800748084567
442.5980238189152,-205.25954163400402
440.02551220017705,-221.2030801553508
437.46895653106617,-236.9565284825959
434.94998404335115,-252.40426755620013
432.48689057622755,-267.4394760325667
430.0936245037285,-281.96588127678774
427.77897432756157,-295.8988725710349
425.5461069749625,-309.1659824730554
423.39257974835067,-321.7068115171361
421.3109051186793,-333.472528436148
419.2896888918522,-344.4251157184175
417.3152957183191,-354.53654430397506
415.37392978189433,-363.78805045626103
413.45396127647047,-372.16965432655314
411.54828841921557,-379.68000815419765
409.6565056692802,-386.3265990826135
407.7866541729153,-392.1262649902466
405.9563598286872,-397.1059195121847
404.19321443768126,-401.3033319000624
402.5343204944558,-404.76777452051704
401.02499310341335,-407.56033970511726
399.7166855873291,-409.75374013949533
398.66427138236065,-411.4314423640703
397.92286787010454,-412.6860381751005
397.5444237982777,-413.616828504957
397.5743088616254,-414.32667175604496
398.04814180986097,-414.9182255644615
398.9890737470105,-415.48977939472303
400.405708936575,-416.13092778589265
402.2908000209584,-416.9183647157305
404.6208020064892,-417.91208507143915
407.3563135536123,-419.1522591384712
410.4433787312641,-420.65700281984033
413.81557081383556,-422.42120505505716
417.396734913545,-424.4165015563258
421.1042308140319,-426.5924082934665
424.852493337462,-428.8785566189247
428.55671629553797,-431.18791067688454
432.1364680459147,-433.42080083097375
435.51906137801996,-435.4695758560355
438.6425262489605,-437.2236607900287
441.4580680658329,-438.57480400561707
443.931933176282,-439.42230257843494
446.04664289499834,-439.67800563786153
447.80159367613635,-439.2709080678412
449.21305042905186,-438.1511600009473
450.31358006081666,-436.2933309144409
451.15098220923636,-433.698782112321
451.7867745796474,-430.39702022676056
452.29428367916455,-426.44592962214494
452.75638163383104,-421.93081529552353
453.2629003808928,-416.9622310163491
453.9077499427771,-411.6726195437484
454.7857709403374,-406.21185074020633
455.9893647133288,-400.7418058180202
457.60496718407046,-395.4302173711317
459.7094626853745,-390.44403034844686
462.36666731862834,-385.942593861547
465.6240426717047,-382.0710233563331
469.5098240562211,-378.95408375094394
474.0307573484334,-376.69093428840614
479.1706308298256,-375.3510439509761
484.88976091101057,-374.9715325477532
491.12554354189507,-375.5561186457441
497.7941193168463,-377.0757644851251
504.79312499428323,-379.47100455992836
512.0054243737236,-382.65583482498823
519.3036351705418,-386.5229310155906
526.5552036291404,-390.94986580434056
533.6277320250261,-395.8059142850114
540.3942409472137,-400.9589839026015
546.7380508537418,-406.2821853351671
552.5569956193517,-411.6595794398899
557.7667317402809,-416.99069338918406
562.3029753894509,-422.19349389487724
566.1225789594653,-427.2056303363579
569.2034417458158,-431.98390546003134
571.5433288498656,-436.5020831599601
573.1577419982531,-440.7472873023585
574.0770410332594,-444.7153683674317
574.3430523229397,-448.4057033689992
574.0054190183157,-451.81593986008255
573.1179482423349,-454.9371920362382
571.735193438517,-457.75014624358744
569.9094785873705,-460.2224398872842
567.6885276927775,-462.3075516003607
565.1138110339592,-463.9452947112668
562.2196625572226,-465.0638555243232
559.0331640017422,-465.58317782201016
555.5747346293965,-465.41937888483943
551.8593145692371,-464.4898007693061
547.8979885294167,-462.71826008191647
543.6998683469899,-460.04006190774487
539.2740401576981,-456.40638614438103
534.631386310183,-451.7877304223355
529.7861134059999,-446.1761931310619
524.7568541358714,-439.58649109070564
519.5672582778626,-432.0557170382075
514.2460422548673,-423.6419413144187
508.8265210654769,-414.4218411832229
503.34569512450827,-404.48759442131035
497.84300219938183,-393.94329902429024
492.3588672957525,-382.90117933596986
486.9331891526976,-371.4778147709821
481.60389136933884,-359.7905867360347
476.40564171036084,-347.95448948256484
471.3688091871812,-336.0793984223659
466.518690480219,-324.26784080299944
461.8750007275959,-312.6132727338824
457.45159354937016,-301.1988355331833
453.2563549141158,-290.09654349298467
449.29120677796215,-279.3668432388854
445.55215910374227,-269.05847986525646
442.0293609725378,-259.2086047783292
438.70711990716705,-249.84306290321328
435.5638795766656,-240.976801579484
432.57216623767175,-232.61434985737245
429.6985308329269,-224.75032538539412
426.9035249760529,-217.369937234872
424.1417547150478,-210.4494671849855
421.36205668082687,-203.95672892249289
418.50783839772754,-197.8515231917723
415.5176197719409,-192.08612524832017
412.3258073847082,-186.60585653561705
408.8637277896578,-181.34980267337926
405.06094022343,-176.25174229088952
400.84684180450574,-171.24134441752398
396.15256769354323,-166.24567562008085
390.91317306870474,-161.19103268102506
385.07006196278064,-156.0050843843625
378.5735999994811,-150.61926994526434
371.3858153850769,-144.97136545008811
363.4830583423054,-139.00809724911133
354.8584581084548,-132.6876562491865
345.52399407249305,-125.98195259496313
335.51198897988195,-118.87844853094491
324.8758417633428,-111.38141942718674
313.68984790595465,-103.51251892346383
302.0480061289959,-95.310562527297
290.0617785089504,-86.83049220779745
277.85685098252657,-78.14153892698185
265.569024570107,-69.32465622382625
253.33944538553735,-60.46935107332144
241.309444571454,-51.670083467998
229.61530006494903,-43.02243921447845
218.38324540557832,-34.619298003173625
207.7250347183863,-26.5472190027969
